UID,Yellow,Blue,Local
927399613956218,0,0,0
604188263040211,0,0,0
588532217936742,0,0,0
10152737668125049,1,0,1
10203950645064175,1,0,0
10205418506771344,0,0,0
10152772174158077,0,0,0
749344968491131,0,0,0
369080583255140,0,0,0
925051987514832,0,0,0
10204992976815141,0,0,0
10152466000596406,0,0,0
10152553161118392,0,0,0
724389474323584,0,0,0
789750064415003,1,0,0
10152763448995569,0,0,0
10205469249038422,0,0,1
10152817890206913,0,0,0
418252701660652,0,0,0
10154711824855024,0,0,0
852714348102827,0,0,0
10152457757686728,1,0,0
809894012408681,0,0,0
10205104331516001,0,0,0
10152343816396651,0,1,0
1562929960587995,0,0,0
10203181385000749,0,0,0
10203411259016953,0,0,0
10204027565641776,1,0,0
875143622498023,1,0,1
10152341505132063,0,0,0
10202204152860066,1,0,0
954067847955764,1,0,0
10204643297460733,0,0,0
10152834752211350,1,0,0
914036868609349,0,0,0
10153692215028538,0,0,0
10152760314790126,1,0,0
10152790204242118,1,0,0
754342441287136,1,0,1
10152812901716585,0,0,0
644902912293105,0,0,0
964939536855025,1,0,0
314479148737714,0,0,0
10152748760551041,1,0,0
667399370034454,0,0,0
10152482822312123,0,0,0
10152559405168802,0,0,0
1377342129225669,0,0,0
315082732008789,0,0,0
10152786386382246,1,0,0
941451722550913,0,0,0
360072474156252,0,0,0
891818454164054,0,0,0
10204350609661939,0,0,0
550448025099633,1,0,0
734480079953646,0,0,0
727443110682549,0,0,0
10154695660680456,0,0,0
697334253706738,0,0,0
10152766774792660,1,0,0
861113650573599,1,0,0
722108837877299,0,0,0
985254158167399,1,0,1
10152566977719398,0,0,0
10152802062731726,0,0,0
865468060154808,1,0,0
10152401231470969,0,0,0
10152419546718321,1,0,0
10204622136011341,0,0,0
10205053970611876,1,0,0
10152769519410485,1,0,0
1548783308673665,0,0,0
317068941810599,0,0,0
597307810395363,0,0,0
10152534898922815,1,0,0
817440698277657,0,0,0
10152514302448195,0,1,0
914733808554197,0,0,0
10152822218924084,0,0,0
10204327709088230,0,0,1
652841958163485,0,0,0
10152401311520969,0,0,0
10154788459565249,0,0,0
1092405870774212,0,0,0
10152569692154934,1,0,0
10154675493100577,1,0,0
380820398736369,1,0,0
10152817836799508,0,0,0
520143261421857,1,0,0
10152866067809925,1,0,0
10204995769315614,1,0,0
1571248253095294,0,0,0
10205175799779090,0,0,0
10152551606444682,0,0,0
10205242320923752,1,0,0
10204776383827879,0,0,0
10205242907777955,1,0,0
1494828394127372,0,0,0
1558649941015174,1,0,0
10152643996151284,1,0,0
10152685553522525,1,0,0
10152565350963952,1,0,0
10152842096024308,1,0,0
10152337550166881,0,0,0
10152789173067070,0,0,0
10152482617500954,1,0,0
10152497771257987,0,0,0
10152786178239519,0,0,0
303023489903269,0,0,0
10152741982000772,1,0,0
10152447640083946,0,0,0
10202070805452162,0,0,0
471264806348080,0,0,0
10152481991131325,1,0,1
10152512878903935,1,0,1
302239463315875,0,0,0
10152801612022836,1,0,0
10152556831874011,0,1,0
10152577271867585,0,0,0
10152798034907720,0,0,0
710787669010598,0,0,0
722854861095539,1,0,1
10205371444594374,1,0,0
10204621283919493,1,0,0
10153356055798298,1,0,0
10152477086838471,0,0,0
1412231399095791,0,0,0
747688701933813,0,0,0
10203975260054678,0,0,0
10204768091102056,1,0,0
10152557649189541,0,0,0
363251660507233,1,0,0
580016888792027,1,0,0
10205235110738155,0,0,0
781728935207098,1,0,0
10152875781038987,1,0,0
690179244441383,0,0,0
10202275947013922,1,0,0
10152581633304635,1,0,1
10152580668648323,0,0,0
786816881378962,0,0,0
10152615090974425,1,0,1
10152766898137660,1,0,0
10154726367540655,0,0,0
386693948152581,0,0,0
10153021808519206,1,0,0
10152565201293773,1,0,0
10205201252694242,0,0,0
10201953161070595,1,0,0
10204711035959346,1,0,0
10152800234202487,1,0,0
469964726479985,0,0,0
951217238227138,0,0,0
1501870970064214,1,0,0
10152349299096363,0,0,0
10204265731577373,0,0,0
1589338081294071,0,0,0
1492907937644245,1,0,0
797974860265186,0,0,0
10152884700161742,1,0,0
10152514021527857,1,0,0
10205308601778795,1,0,0
856726421028806,1,0,1
287037198152805,0,0,0
10152831030094828,1,0,0
10152552289406997,1,0,0
306600396210389,0,0,0
627227954054645,1,0,0
326574370862669,0,0,0
310423489165071,0,1,0
366593216826970,0,0,0
10152348421537172,1,0,0
10205326641870758,0,0,0
348760318623298,1,0,0
279360688920750,0,0,0
10152337609131260,0,0,0
833444836678290,0,0,0
10152777175612604,0,0,0
806610686064521,0,1,0
10152475140538157,0,0,0
10152852060332952,1,0,0
10205155244822509,0,0,0
10154748172895697,1,0,0
766842753351809,0,0,0
801677249896974,0,0,0
304898309701166,0,0,0
1490580021214502,0,0,0
10152816999839851,1,0,0
10202138651742324,1,0,0
567712256661736,0,0,0
10152464610555897,0,0,0
666974310090164,0,0,0
10152353073116428,1,0,0
280341895509860,0,0,0
297746097102344,0,0,0
10152761582246069,0,0,0
10152867119767840,1,0,0
10201973702983744,1,0,0
1408078519505244,0,0,0
10205310790993444,1,0,1
1394706870854328,0,0,0
10152473857122297,1,0,0
10154749680960035,0,0,0
10203734580339270,0,0,1
572224316257589,0,0,0
691738410933833,1,0,0
861515967215201,0,1,0
1384587248498692,0,0,0
10153114602438260,1,0,0
740338262680402,0,0,0
872907359420916,0,0,1
10204301844738347,0,0,0
879888345365375,0,0,0
10152422385743247,0,0,0
10152342379811666,1,0,0
829633633754502,0,0,0
861827103848201,1,0,0
10204096694350540,1,0,0
10152451238903499,0,0,0
772074536186573,0,0,0
10205256342758776,1,0,0
10152545164389965,0,0,0
10205104133030790,0,1,0
10152837826799265,0,0,0
10152585991588773,1,0,0
10204730401076461,1,0,0
10152861619429170,0,0,0
10202967175806535,1,0,0
10152906558417787,0,0,0
791260710938627,0,0,0
10152762197680943,0,0,0
10154770146565582,0,0,0
10152855270223103,1,0,0
725293310879654,0,0,0
10152816570579787,1,0,0
10204452881913363,0,0,0
718391651583908,1,0,0
661197523978068,0,0,0
10152798951739780,1,0,0
10152874444996694,0,0,0
859852747392117,1,0,0
10152305637261642,1,0,0
10205253683609487,0,0,0
855306707846832,0,0,0
897866210225290,0,0,0
10204073466814241,1,0,0
10152599389173052,0,0,0
10152552119504858,1,0,0
10204274587398243,1,0,0
10203274738412028,0,0,0
1473377016269094,0,1,0
733526330061182,0,0,0
10152600681513462,0,0,0
675338912582410,0,0,0
10153018578155934,1,0,0
1527469660843977,0,0,0
568186446646439,0,0,0
10204449982544611,0,0,0
963202373706324,0,0,0
10204711116752897,1,0,0
364237290416415,0,0,0
10152830723401037,1,0,0
10152807625585903,0,0,0
866488163382149,0,0,0
10204687368561176,1,0,0
10203133935569464,1,0,0
10152373859571615,0,0,0
10204350646517830,0,0,0
10203935175593394,0,0,0
906943456005491,1,0,0
766768816693656,1,0,0
1580734495488630,0,0,0
1582396705352848,0,0,0
923629640998103,1,0,0
10154732747430532,0,0,0
10152863429556913,0,0,0
945035212192446,1,0,0
913636911997199,1,0,0
601172433341934,0,0,0
10152467375667781,1,1,0
10152758359572559,1,0,0
879680075385308,1,0,0
10152909174829374,1,0,0
335823979923404,0,0,0
10152509826723129,0,0,0
778528842193736,0,0,0
1505407343046482,0,0,0
1517519888500284,0,0,0
820984447924276,0,1,0
10202246542399684,1,0,0
10152853457527958,1,0,0
10152802416768699,0,0,0
800172156709428,1,0,0
10152864639129095,0,0,0
10205142642472063,0,0,0
296949797161537,1,0,0
10203914627459058,1,0,0
10152832749594577,0,0,0
10203990813348752,1,0,0
10205376760277622,0,0,0
10205368045109589,1,0,0
10203857098602349,0,0,0
10152420091966200,1,0,0
10202135613630137,0,0,0
867451183266325,1,0,0
736603169758256,0,0,0
866973756667921,0,0,0
10152598318844690,1,0,0
1573616769538542,0,0,0
10152828152652533,0,0,0
355914654586870,0,0,0
543035082498176,0,1,0
10152844049749784,1,0,0
10152908711201995,1,0,0
10205118122460970,0,0,0
10152804116638665,1,0,0
10153373539999988,1,0,0
10205274051320811,0,0,0
10205042127603847,1,0,0
10203062127570160,1,0,0
10205094296302614,0,0,0
10153380144914968,1,0,0
10152314086386923,0,0,0
829977950398208,0,0,0
10152407759386727,0,0,0
351844284985440,0,0,0
10201997252971476,1,0,0
10205158857321138,1,0,0
1567919953428108,0,0,0
10154738429430321,1,0,0
775383082496797,0,0,0
10152339585861783,0,0,0
938727656156559,0,0,0
10152618693534865,1,0,0
10152837001377790,1,0,0
10204464525869953,1,0,0
10152638899969597,0,0,0
10201980237626922,1,0,0
1392346761062355,0,0,0
10205343888940153,0,0,0
10152515501393087,1,0,1
10152948837986886,0,0,0
10203568829074754,0,0,0
10152580421517763,0,0,0
10207204979697515,0,0,0
566413990125656,1,0,0
858973647459341,0,0,0
982794688402312,0,0,0
388898731264643,0,0,0
10152549270464671,0,0,0
10203529393730380,0,0,0
709649102459180,0,0,0
883719208314050,0,0,0
10152411378156629,0,0,0
879972258680674,0,0,0
10204091238853630,0,0,0
10152492289737861,0,0,0
382157178605835,0,0,0
10152340074760303,1,0,1
10152817328558836,0,0,0
10152839828669637,1,0,0
875378629147119,0,0,0
1494548970827113,0,0,0
10154813042470472,0,0,0
792788200781962,0,0,0
304529893069900,0,0,0
10154867163125157,0,0,0
969885703033950,0,0,0
640887789357470,0,0,0
862448693786709,0,1,0
1509064822696823,1,0,0
10204016017934278,1,0,1
312678275606119,0,0,0
10152782142619634,1,1,0
10154773451945246,0,0,0
1557311574484031,0,0,0
1391888477769794,1,0,0
472368359567586,0,0,0
958949737453183,0,0,0
10205231753061392,1,0,0
10152726636831998,1,0,0
10152813336628104,0,0,0
10152806460309660,1,0,0
1543980909152353,0,0,0
593356367433140,0,0,0
919008751462639,0,0,0
10152318963086783,0,0,0
571140193032881,0,0,0
379474395544305,0,0,0
646002455509176,0,0,0
10152864929693013,1,1,0
10205333186355100,1,0,0
529385730559506,0,0,0
640342466084457,1,0,0
10204746496454787,0,0,0
10203885946602197,0,0,0
351278995050865,0,0,0
1557587587789779,1,0,0
759455570793443,0,1,0
854216201277733,0,0,0
369418496554389,0,0,1
898616213483185,0,0,0
10204314725300939,0,0,0
10152367494367283,1,0,0
10202910437592592,1,0,0
10152827330394138,0,0,0
10152860868982376,0,0,0
10205135048121989,1,0,0
10152837128014679,1,0,0
594616153994675,1,0,0
725114337543252,0,0,0
967212396631331,0,0,0
10205374340536648,0,0,0
10152898115839474,1,0,0
1501813006741890,0,0,0
10205637292479825,0,0,0
10203271357367131,0,0,0
1393269514318198,0,0,0
10152438822561918,1,0,0
10152620900968369,0,0,0
10152774398990631,1,0,0
10205016475190981,0,0,0
990652510949929,0,0,0
10204656704524858,0,0,0
719137401495680,0,0,0
610959759016113,0,0,0
1577948109091593,0,0,0
737822306292033,0,1,0
10152385214997021,0,0,0
921050204601901,0,0,0
10152403889159249,1,0,0
786328704738918,1,0,0
863377627026237,0,0,0
803787176334215,0,1,0
10205288873290176,0,0,0
10202735027647578,0,0,0
10152884776773112,0,0,0
662511063862001,0,0,0
1527764627465848,0,1,0
377289942429583,0,0,0
10152926114316684,0,0,0
1412796768980921,1,0,0
10152621476022874,1,0,0
881407718560060,1,0,0
882684648417619,0,0,0
10202742962487425,0,0,0
868436883201620,0,0,0
10152603822179219,0,0,0
10154754707285274,0,0,0
10152814177802661,0,0,0
10205082146162888,0,0,0
10152369038007377,1,0,0
791385527576136,0,0,0
10205218038197092,0,0,0
10205203434789705,1,0,0
10203801966184012,1,0,0
612429502201291,0,1,0
770792286326409,0,0,0
10204783131445338,0,0,0
10152514991513111,0,0,0
10152852891763669,0,0,0
1420265011602811,0,0,0
10205392329628734,0,0,0
893261997353669,0,0,0
10205163595872089,0,0,0
1416890955198108,0,0,0
10152775010558617,0,0,0
10152783068276013,0,0,0
10152787492539002,0,0,0
1534041750205494,0,0,0
10204273781820232,0,0,0
719951181425721,0,0,0
10152439349283663,1,0,0
10204183313476770,1,0,0
640817446038182,0,0,0
10154761772880048,0,0,0
742295305851454,0,0,0
570322673068754,1,0,0
10205442677372219,0,0,0
10154790321565195,1,0,0
10205479373131547,0,0,0
10205402619013368,0,0,0
10152431108369327,0,0,0
877768455574193,0,0,0
994925840523746,0,0,0
10204149605713355,1,0,0
830895156930601,0,0,0
10152400698495684,0,0,0
10152473176039007,0,0,0
10205434680606018,0,0,0
10152911377327318,0,0,0
1482921275315443,0,1,0
10202725534010503,1,0,0
599123826866751,0,0,0
10152505029862989,1,0,0
10205407979337786,0,0,0
1567646996805039,0,0,0
10152791935294431,0,0,0
864227080267695,0,0,0
991013330914651,0,0,0
10152433392753244,1,0,0
10152580632553323,1,0,0
10152588163354998,0,0,0
1497781603840883,0,0,0
880303231980139,1,0,0
818359844889152,0,0,0
345277258966510,0,0,0
870314929645824,0,0,0
884137621610624,0,0,0
865241490167198,0,0,0
10204291421199764,1,0,0
10203956415944194,0,0,0
10152794286854589,0,0,0
315516505302676,0,0,0
340504242787976,0,0,0
842343505787551,1,0,1
705055079582973,0,0,0
10205145132850481,0,0,0
10204124389023589,0,0,0
10204679640683582,1,0,1
10204408243639827,0,0,0
464093863728844,0,0,0
10205408168349422,0,0,0
10152794100571306,1,0,1
10152794100845446,0,0,0
288160158039828,0,0,0
1393900950920268,0,0,0
10152787879813498,0,0,0
893283507362183,0,0,0
10152785729659114,0,1,0
10154736708100258,0,0,0
773167379429806,1,0,0
762552400482994,0,0,0
10204890548404949,0,0,0
996289000397638,1,0,0
460301947442483,1,0,0
802538679807173,1,0,0
10205476917668223,1,0,0
4857513052022,0,0,0
10152816058710575,0,0,0
1613190338965232,0,0,0
10202388184537399,1,0,0
308477646007230,0,0,0
10152752067335225,1,0,0
10152833114543685,1,0,0
10152845771607628,1,0,0
4682967608117,0,0,0
10152262702712134,1,0,0
1415293875452853,0,0,0
10204103955192146,0,0,0
845777688790342,1,0,0
10205344969762858,0,0,0
10152827076793675,1,0,0
10152380131095496,1,0,0
1516562021924977,1,0,0
481490865324995,0,0,0
10152828708619198,0,0,0
808231082553916,0,0,0
10152406839641190,0,0,0
887036317987224,1,0,0
820092464699008,1,0,0
728585980555799,1,1,0
625458684225166,0,0,0
10204934071935116,0,0,0
10204147173092620,1,0,0
777943738913409,0,0,0
758659234181551,0,0,0
10152416448556921,0,0,0
10205116340286595,1,0,0
10152801169857710,0,0,0
10152827304474138,1,0,0
676421489122959,1,0,0
727443950669355,1,0,0
10152882034518343,1,0,0
10153373197309988,1,0,0
10202189164325561,1,0,0
400875786732677,0,0,0
859250300754072,1,0,0
366490220192317,0,0,0
10152521495168030,0,0,0
638161723002795,0,0,0
10152403125251643,1,0,0
10204333399887858,1,0,0
10152424050048803,0,0,0
10204852877549008,0,0,0
391080817710408,0,1,0
1489696141313172,0,0,0
399730500174439,0,0,0
1033329726695643,0,0,0
664017467028923,0,0,0
10100172510898895,0,0,0
10152876475854672,1,0,0
10202780392246596,0,0,0
10203855318357990,1,0,0
363451840488372,0,0,0
948875801807941,0,0,0
10153263823049046,1,0,0
10152419271394212,0,0,0
1430968307194010,1,0,1
1505094293099621,0,0,0
913032168709657,0,0,0
755534367878186,1,0,0
10205303246682922,1,0,0
10152635658567949,0,0,0
719137858172171,0,1,0
10154615497690467,0,0,0
556796677797290,0,0,0
10152638078272182,0,0,0
882092948496955,0,0,0
630196210423251,0,0,0
10204966700796828,1,0,0
10152437423656769,0,0,0
10152372130265868,0,0,0
721502357935404,0,0,0
10152416913291606,0,0,0
1570579093172412,0,0,0
1400583063565291,1,0,0
798577776855234,0,0,0
354198321420892,0,0,0
10154760977020587,0,0,0
1512851448973753,0,0,0
10152656352128600,0,0,0
10152793334313349,0,0,0
10154793457475367,0,0,0
860370237326539,0,0,0
10152561160807054,1,0,0
744257048978656,0,0,0
801679203206609,0,0,0
10152497422222981,1,0,0
10204749842201611,0,0,0
10205257427582251,1,0,0
869715193081299,0,0,0
10152421749119786,1,0,0
301982109990692,0,0,0
1460885760827180,0,0,0
10154720414535048,1,0,0
10152429872817374,1,0,0
1430207520607084,1,0,0
10152826914953545,1,0,0
10152522664444200,0,1,0
10202056697819388,0,1,0
863316350352940,0,0,0
1552493684983489,0,0,0
759389950795155,1,0,0
10152474083731179,0,0,0
10152838577331079,0,0,0
10152561269248043,0,0,0
701970153191562,0,0,0
10152501514210959,0,0,0
10152841270819411,0,0,0
10202428265783075,0,0,0
886321558067964,1,0,0
10152442294711546,1,0,0
622314941212360,0,0,0
985938428098723,0,0,1
10152812017084785,0,0,0
955298674499760,1,0,0
802764743117892,0,0,0
10152337601415163,1,0,0
10204187364737883,0,0,0
10152566032174748,0,0,0
576959062431295,1,0,0
546048208863451,0,0,0
10152346546451426,1,0,0
671538029610963,0,0,0
831371113560937,0,0,0
10152900629602784,0,0,0
835475693182477,0,0,0
10152936253331159,1,0,0
1514733488776565,0,0,0
1551917931710863,0,0,0
1498355123782068,0,0,0
10152835394473092,1,0,0
10202802620207900,0,0,0
10152375298077136,1,0,0
10203976067255973,1,0,0
675476495899285,0,0,0
372137749611981,0,0,0
10153253927618835,1,0,0
10202356248981579,0,0,0
330897330427301,0,0,0
10152379244156254,0,0,0
938613149482264,0,0,0
686548394774870,0,0,0
10203953427389743,1,0,0
800251800033535,0,0,0
10152575207884440,0,1,0
10152766116585170,1,0,0
10205136062871417,0,0,0
10152376673775812,1,0,0
967945366553165,0,0,0
295692753968496,0,0,0
10203154774973751,0,0,0
577292869070838,0,0,0
10152747131852527,0,0,0
885264254858324,0,0,0
10152369874626930,0,0,0
10152798457483398,1,0,1
10205100272694510,1,0,0
10152848840972442,0,0,0
766774376711574,1,0,0
286208868239005,0,1,0
776707155723409,0,0,0
10152397559434080,0,0,0
10152907757808777,0,1,0
10205296043545518,0,0,0
10152816263536740,0,0,0
1716840761873440,0,0,0
10204727394721946,0,0,0
878378428873087,0,0,0
336404913205312,0,0,0
10204290794342094,1,0,0
10205029524516009,0,0,0
368940286616122,0,0,0
10152558117054107,0,0,0
10152771206253236,0,0,0
10152515407483282,0,0,0
832578190147782,0,0,0
10204507523839932,1,0,0
10204584220717909,1,0,0
553687581442994,0,0,0
672342516206985,0,0,0
10152508700807810,0,0,0
958558437491024,0,0,0
10152836316798120,1,0,1
10152843676809500,0,0,0
10204638174381810,0,0,0
491488837660243,0,0,0
742709612474585,0,0,1
10152798147538901,1,0,0
10153664547158538,1,0,0
389291941240096,0,0,0
1589933174568736,0,0,0
359110194265517,0,0,0
10152793018010842,0,0,0
10152768289084814,0,0,0
886720521346317,0,0,0
10152324914042391,0,0,0
10154810046050492,1,0,0
1493834264228924,0,0,0
10204496266673907,1,0,0
310877399105221,0,0,0
10203065900028276,0,0,0
785331461525292,0,0,0
850107715014072,1,0,1
351566501683709,1,0,0
10152455591287901,1,0,0
1529162677322250,1,0,0
873730205984892,0,0,0
10205165425284918,1,0,0
895134800506158,0,0,0
10205184998133513,0,0,0
338205036362523,0,0,0
10204197989623243,0,0,0
10152811741378798,1,0,0
763451613702608,0,0,0
212701018900459,0,0,0
10204443383021180,0,0,0
601554726616067,0,0,0
10152549810262968,0,0,0
724327970955590,0,0,0
10205002767050986,0,0,0
891844837576929,0,0,0
10152823471768764,1,0,0
10152732198094471,1,0,0
10152803467060349,1,0,0
10205089317981887,1,0,0
694991507253931,0,0,0
951325944880944,0,0,0
10152764880078571,0,0,0
10152841362104993,1,0,0
10152812982488486,0,0,0
667109360072813,0,0,0
489063797902231,0,0,0
945408448807395,0,1,0
10152436089218663,0,0,0
10153302903609167,1,0,0
700502810040209,0,0,0
10152778329246154,1,0,0
10152435521100509,1,0,0
10205422445426908,1,0,0
921778581185639,0,0,0
747773638603124,0,0,0
10152958116128814,0,0,0
10152922746607494,0,0,0
10152525255378931,1,0,1
277454649119758,1,0,0
1491315557797249,0,0,0
609325872509839,0,0,0
301296200064495,0,0,0
10202328234722010,1,0,0
1070003449695631,0,0,0
826234550730371,0,0,0
10154813569045313,0,0,0
825230137528390,1,0,0
1561132954147208,0,0,0
819906474726868,0,0,0
791649074210740,1,0,0
10203069415844825,0,0,0
10152576485878005,0,0,0
10205188562535046,1,0,0
649051278541604,0,0,0
10205034427921228,0,0,0
708315969261456,0,0,0
10154790387685217,0,0,0
10202852005246686,0,0,0
10202846550470813,1,0,0
10152789526194025,0,0,0
10205448297072770,1,0,0
10153231387738497,0,0,0
10153315666960031,0,0,0
807512425980330,0,0,0
10154805886445455,1,0,0
406143219536496,0,0,0
565278880268792,1,0,0
10204175217033741,0,0,0
530628810407959,0,0,0
607682522691612,0,0,0
719902831435149,0,1,0
626980010744669,0,0,0
1528079514075452,0,0,0
10152750317711912,0,0,0
10152806162691287,0,0,0
795237947185775,0,0,0
10152575474567535,1,0,0
1561484567396372,0,0,0
720387871389213,1,0,0
393067227521846,0,0,0
10152444251058657,0,0,0
10203982487495285,0,0,0
902694636409104,0,0,0
10152315737496292,0,0,0
923437634352625,1,0,0
10204906419041019,0,0,0
662178507236087,0,0,0
10153389163034782,0,0,0
10152745441343058,0,0,1
10152705042156708,1,0,0
656856311099672,0,0,0
827697183947893,0,0,0
10152998059598676,1,0,0
708962769189910,1,0,0
598850840237832,0,0,0
977374882278074,0,0,0
589530197836457,1,0,0
766275410096392,0,0,0
1493662090896360,0,0,0
10152901297577268,0,0,0
1623680481198888,0,0,0
10152839052074684,0,0,0
10203799560602774,1,0,0
764317863615996,0,0,0
10152436967717686,0,0,0
1617782715115790,1,0,0
10152722000510100,1,0,0
10152827300486797,1,0,0
10152610705364961,1,0,1
336176086565401,0,0,0
10205392383676127,0,0,0
370381066448235,1,0,0
10152467517963525,0,0,0
662778120504896,0,0,0
10152716048579194,1,0,0
10152834420159458,1,0,0
378622632291555,1,0,0
10152374486277443,0,0,0
10152802989309110,0,0,0
10204301337407003,0,0,0
650059141777890,1,0,0
10152839807267840,1,0,0
10205357804411407,0,0,0
10152825138197387,0,0,0
878079392203600,0,0,1
877712248919875,0,0,0
10205268417735842,1,0,0
10152980652876844,1,0,0
538788736263305,0,0,0
10153107200377481,0,0,0
1483965725217086,0,0,0
10152485608612568,0,1,0
584428711703483,0,0,0
10152806650917645,0,0,0
878711988813639,0,0,0
417345298448193,0,0,0
10153165913346542,1,0,0
602234833214121,1,0,0
10152794298158766,0,0,0
10152805252847246,1,0,0
400733020080250,0,0,0
10152519020703668,1,0,0
10152939805694873,1,0,0
10153420002114988,0,0,0
1504357489843119,1,0,1
10152587756086144,1,0,0
10152368277426367,0,0,0
10203439823935480,0,0,0
10155060356330131,1,0,0
10202212586990752,0,0,0
10204483848883495,0,0,0
384826055013890,0,0,0
10152610761062758,0,0,0
10152732674789034,0,0,0
589663671139541,0,0,0
303914813146065,0,0,0
375559189279870,1,0,0
370001473176789,0,0,0
10152731132070659,0,0,0
889984114360099,0,0,0
782531848475228,1,0,0
715838188490924,1,0,1
378615488971531,0,1,0
203060703197838,0,0,0
767503819976906,0,1,0
10204334995071616,1,0,0
395450713935943,1,0,1
769342689799226,1,0,0
10203380869826600,1,0,0
10205186680772114,0,0,0
1409309032726798,0,0,0
10152595019113122,1,0,0
10152455798466527,1,0,0
560528187412876,0,0,0
790435447679147,1,0,0
1648051752088194,0,0,0
10153375012363484,1,0,0
900343043310529,0,0,0
1508515532746643,0,0,0
833858693343394,0,0,0
10152823232260990,0,0,0
10205077579597774,0,0,0
10152910148175466,1,0,0
843101079044600,1,0,0
10204883376142653,0,0,0
1505004683099862,1,0,0
775600502501824,1,1,0
10152511477038722,0,0,0
615285328581549,0,0,0
10202788962940424,0,0,0
965860156764703,1,0,0
750603528344552,1,0,0
10152557510273031,0,0,0
1547680912130338,0,0,0
10152787389017310,1,0,0
10152858847383556,1,0,0
10152823576418746,0,0,0
880485458629303,0,0,0
1389952141298356,0,0,0
10152723460923280,0,0,0
759358947485875,0,0,0
10152343284491644,1,0,0
1482019992086240,0,0,0
10204148865193500,0,0,0
10152884975424516,0,0,0
10205021526968973,0,0,0
10152724952773046,1,0,0
1398956547071511,0,0,0
963092200373005,0,0,0
10152722953995081,0,0,0
700027386760473,1,0,0
749089488471436,1,0,0
834917229886753,1,0,0
10205763813278485,0,0,0
995482237145290,0,0,0
10202988571185821,0,0,0
10152888664972323,0,0,1
10152710091745589,1,0,0
10153005373408455,1,0,0
10204973489597766,0,0,0
10203204461008644,0,0,0
1715811431976671,0,0,0
10152323052777854,1,0,0
10205596199530730,0,0,0
10152272148881910,0,0,0
584540801673208,0,0,0
1046187455407852,0,0,0
10154742275415125,0,0,0
10204244198557818,0,0,0
1499305060337681,1,0,0
322791097913727,0,0,0
10205158819633878,0,0,0
10154949503310001,1,0,0
10205358368902984,0,0,0
10204335897950672,0,0,0
1386634571655003,0,0,0
10152860428910746,1,0,0
10152358937915496,0,0,0
10154846967400707,0,0,0
10152814497169216,1,0,0
10152473256728310,0,0,0
10152576114394317,0,0,0
1007785139247575,1,0,0
583122871815957,1,0,0
787468901348601,0,0,0
10152816164769413,0,0,1
793053910732642,0,0,0
1548787435366551,0,0,0
1569803419910380,1,0,0
10205622979472914,0,0,0
10204949408838664,0,0,0
10152867139202893,1,0,0
10153242042755130,0,0,0
861847590492709,0,0,0
10152531751909582,0,0,0
365168173658619,0,0,0
10153258549299879,0,0,0
10152502950378995,1,0,0
10153353281376473,0,0,0
10203195936087000,1,0,0
662661037166105,1,0,0
10205120362874826,1,0,0
10202703492980746,0,0,0
10153301882959148,0,0,0
10153240398718966,1,0,0
10152853822625730,1,0,0
10204147645845471,1,0,0
10204946107994380,0,0,0
659980819347,1,0,0
10152702883822936,0,0,0
10152790933124394,1,0,0
10205041869197235,0,1,0
726589884093159,0,0,0
10204850805860802,0,0,0
820703201295140,0,0,0
10152472532317503,1,0,0
10152458708691824,1,0,0
10152764778471224,1,0,0
10152346583041782,1,0,0
528437297293800,1,0,0
10152577774879355,1,0,0
10204887021198948,0,0,0
10204752196541855,0,0,0
10152559138673962,1,0,0
10204053721376753,0,0,0
10204800615632192,0,0,0
10152523372572424,0,0,0
10203249818383277,1,0,0
10154725296130153,0,0,0
10152379238681254,1,0,0
10152509059568925,1,0,0
10201945354754792,0,1,0
864212610279160,0,0,0
1520996068117130,0,0,0
805880346125012,1,0,0
632391136874299,0,0,0
10204927902978350,0,0,0
1496419977283686,0,0,0
360663580767941,0,0,0
4743527882984,0,0,0
548024522008781,0,0,0
10153532973328504,0,0,0
10152607935438964,1,0,0
10152799578983430,1,0,0
739788879420069,0,0,0
871765742841928,0,0,0
299330610266655,1,0,0
10201857449676239,0,0,0
10154611118150012,1,0,1
10152586034443640,1,0,0
10152819849844543,0,0,0
1503367689915929,0,0,0
10152770699115937,0,0,1
10152835915137002,1,0,0
10205135804305150,0,0,0
10152694469167906,1,0,0
863382180360223,0,0,0
10154748067175612,0,0,0
10205010598127281,0,0,0
10204365104984523,0,0,0
10153525016791808,1,0,0
893574550654671,0,0,0
1592620447651279,0,0,0
876359479054866,0,0,0
1484840391791538,0,0,0
10152857767050477,1,0,0
10152734966147510,0,0,0
10202714425008576,1,0,0
890107991007313,1,0,0
1633272706899702,0,0,0
10204144942737253,1,0,0
791945250866527,1,0,0
398442493639774,0,0,0
10204906333357586,1,0,0
10152576511358710,0,0,0
10202908943076858,1,0,0
811707978872369,0,0,0
341017659411685,0,0,0
741823325853495,1,0,0
10152873677073478,0,0,0
1546798028907641,0,0,0
10204294134046088,0,0,0
837998539584566,1,0,0
10203144340344690,0,0,0
10152795459784985,0,1,0
10152763673544166,1,0,1
936040833155741,0,0,0
882151308463240,0,0,0
10152804259137505,1,0,0
10152534072343878,1,0,0
10152763249843374,1,0,0
1496846190565271,1,0,0
10152393314070896,1,0,0
10152529806548315,0,0,0
705998339497247,0,1,0
10204485093784569,1,0,0
838386982878274,0,0,0
10152750716447319,1,0,0
777663548958162,0,0,0
10204264086977307,0,1,0
597876640338579,0,0,0
373692446117196,1,0,0
10152785267103684,1,0,0
1405310999759306,0,0,0
970947476252475,1,0,0
10203200617320329,0,0,0
815357428522668,1,0,0
10152511686948845,1,1,0
4544830876744,0,0,0
10152382322701771,0,0,0
735704999844817,0,0,0
10202891212713739,1,0,0
10152771641047427,0,0,0
894960517182773,0,0,0
797396390324223,0,0,0
382615068556108,0,0,0
924745490887965,0,0,0
10152317235091364,0,0,0
10203276250442224,0,0,0
10205039820373125,0,0,0
10153334675283135,0,0,0
10205138965936202,0,1,0
10154785918200203,0,0,0
296493653889734,0,0,0
10152636311353192,0,0,0
10205293971932883,0,1,0
10203426475078756,0,0,0
286114534931354,0,0,1
323440321186826,0,0,0
1390135774620890,0,0,0
912254528804416,0,0,0
10152473017227947,0,0,0
10201876798720724,0,0,0
954650464548381,0,0,0
10152528380907736,0,0,0
10152377388582452,1,0,0
10152836123521565,0,0,0
338781656299772,0,0,0
10152394483367307,1,1,0
10203062445423753,1,0,1
10152851764889444,1,0,0
585943734865271,0,0,0
10203041536375206,1,0,0
10152784110352394,0,0,0
10154711329995464,0,0,0
10152459994706918,1,0,0
10205218504567013,1,0,0
10152398901096024,1,0,0
10152292000946184,1,0,0
1589416254619744,0,0,0
10152487544608014,0,0,0
1650132675213515,0,0,0
10205178403163721,0,0,0
10152854676049828,0,0,0
10204278537636989,1,0,0
10204757297829463,0,0,0
10154754620660249,0,0,0
882464655152032,0,0,0
10152817530080742,1,0,0
10153480823339386,0,0,0
10205229809604359,1,0,0
10152855158753928,1,0,0
10154818134960650,0,0,0
784469234933002,0,0,0
10204833037964004,0,0,0
715809168487446,0,0,0
10153375876718797,0,0,0
389713284511039,1,0,0
1527099877533354,0,0,0
10152726856495519,1,0,0
643195829133558,0,0,0
10152579969358003,0,0,0
10152615749828145,1,0,0
10152880311929271,0,0,0
938613469501208,0,0,0
369793023194076,0,0,0
10152825961563659,1,0,0
10152509229822833,0,0,0
874731005893299,0,0,0
307015892837324,0,0,0
10152543339877809,0,0,0
747841685286848,0,0,0
10152485062887621,1,0,0
1008018919212011,1,0,0
10152557078694075,0,0,0
315729135278571,0,0,0
781462631913357,0,0,0
745066408905444,1,0,0
386131911553778,1,0,0
10152367433447051,1,0,0
10204748142921345,0,0,0
4899184613538,0,0,0
704345993005873,0,0,0
10152527037922615,1,0,0
714206158661763,0,0,0
918965801465228,0,0,0
10152448061447636,1,0,0
843950512302280,0,0,0
978647432161332,0,0,0
10152535266313687,1,0,0
10152746843381041,1,0,0
10152539130023353,1,0,0
10152857366011081,0,0,0
10205079635533462,0,0,0
10204368494765569,0,1,0
10152445688810918,1,0,0
10205414626952231,0,0,0
1093459890680153,0,0,0
825861120811149,0,0,0
614151985373955,0,0,0
10152570549878611,0,0,1
4656265420124,0,0,0
985793814768237,1,1,0
750079525027669,1,0,0
10152754505731348,0,0,0
10152845877724697,0,0,0
10153395405588868,1,0,0
10203396727191330,1,0,0
10154725762320401,0,0,0
734860313262976,0,0,0
969622399721719,1,0,0
986481594700239,0,0,0
10205214585150083,0,0,0
744468362288954,1,0,0
983379975010222,1,0,0
560192494113444,1,0,0
749341755139708,0,0,0
10152525939915838,1,0,0
10204935354969442,1,0,0
1498755337040375,0,0,0
10204025527172755,0,0,0
10204923200136576,0,0,0
10205225901476389,1,0,0
540104952798617,0,0,0
10152532883053191,1,0,0
10100730761924325,1,0,0
709425115807609,0,0,0
10152348618121316,0,0,0
850425528313171,0,0,0
1548094072100680,0,0,0
297369470453473,0,0,0
10152780237031212,1,0,0
10204195908190845,1,0,0
10152783095941941,0,0,0
10152781941504660,0,0,0
670260639756104,0,0,0
10152820270076182,0,0,0
10154749193025716,0,0,0
658819052537,0,0,1
10152748989003119,0,0,0
618348948276212,0,0,0
10204388609948449,0,0,0
776244772440620,1,0,0
10153512976879298,1,0,1
954400324573807,0,0,0
10152334785101566,1,0,0
866257920060761,1,0,0
1420228471628345,0,0,0
10153272472559196,0,0,0
10154753055265434,0,0,0
1721030464787799,1,0,1
893878223963134,0,0,0
802852043071033,0,0,0
863388930346078,0,0,0
10152840227524709,1,0,0
10153301474679148,0,0,0
817159261668341,0,1,0
728134417267075,0,0,0
1499924553603720,0,0,0
884847018206552,0,0,0
10152719278253820,0,0,0
10203916399803150,0,0,0
10152861375763086,0,0,0
10152885378598939,1,0,0
10152564987673152,0,0,0
10152827016234106,1,0,0
10204940472409219,0,0,0
847872858579496,0,0,0
1618407191777360,0,0,0
306563782865276,0,0,0
609106585881618,0,0,0
782953655077005,0,0,0
10152458809631235,0,0,0
10204068946978001,0,0,0
849682145072353,0,0,0
10205457689227836,0,0,0
10205089001170403,0,0,0
459944890811904,0,0,0
987874727893145,0,0,0
10204405249187393,1,0,1
10152784980481030,0,0,0
10152839357839294,1,0,0
1512224355715995,0,0,0
10152808683588890,0,0,0
10205472234714231,0,0,0
839596249394096,0,0,0
10152265231496362,1,0,0
10152811637698480,1,0,0
10153345871654546,0,0,0
10152809849530513,1,0,0
1495396487391215,0,0,0
10203662700822834,0,0,0
344350599068143,0,0,0
10152756730488329,0,0,0
10154750423045010,1,0,0
10154823223910151,0,0,0
10203939865794222,0,0,0
666060536825135,0,0,0
782386815156788,0,0,0
10153293371718709,0,0,0
10205154773497235,0,0,0
386945488122516,0,0,0
10152620701707911,0,0,0
10203359889909924,1,0,0
10154804043070093,0,0,0
773991906028708,0,0,0
793431544051908,0,0,0
10203192211310055,1,0,1
10203988320082967,0,0,0
10204183050690505,0,0,0
10204750718666191,0,0,0
10152484268813178,0,0,0
10204185240262671,0,0,0
10152567482466725,0,0,0
714702541950917,1,0,0
1502541933356192,0,0,0
10152536648494930,0,0,0
10152568254657917,1,0,0
1535395140029453,1,0,0
10152468971337507,0,0,0
10152312833361199,0,0,0
10204163897911050,1,0,0
10152732929206413,1,0,0
10203417463295957,0,0,0
322671311268537,0,0,0
860662520624781,1,0,0
10152469766772081,0,0,0
10152587856514934,0,0,0
573294142816168,0,0,0
924865717541663,0,0,0
10152538489178759,0,0,0
10153365646717788,0,0,0
10204054519577754,1,0,0
697039550389203,1,0,1
907804005897614,0,0,0
535438799925981,0,0,0
728973997155625,0,0,0
293210437556700,0,0,0
10152548027526696,1,0,0
10152812581873695,0,0,0
10204239410279225,1,0,0
379608708908288,0,0,0
886877231323892,0,0,0
10152789268932566,1,0,0
10152507353157476,0,0,0
10152849590758894,0,0,0
10203030342942387,1,0,0
1494336574171983,1,0,0
1564332430452837,0,0,0
10152481829336795,0,0,0
10152882269079497,1,0,0
10204483132935009,1,0,0
331273217057956,0,0,0
380334015461222,0,0,0
10152465600428506,0,0,0
10153419253314657,1,0,0
10152528662707872,0,0,0
10152488707134091,1,0,0
10152448573193837,0,0,0
717724981649134,0,0,0
823923234304989,0,0,0
775570762502317,1,0,0
283133311887081,1,0,0
10152314683417583,1,1,0
10152808271157908,0,0,0
10152793390878958,1,0,0
10204997975848244,1,0,1
10152826663383894,0,0,0
10152777301791070,0,0,0
719857808063011,0,0,0
10204221390526449,1,0,1
873430882689521,1,0,0
10152761691823187,0,0,0
10152791666591280,1,0,0
10152808757338695,1,1,0
1552222355008018,1,0,1
304323996427457,0,0,0
1582248222003608,1,0,0
1500013433583562,0,0,0
304848603053433,0,0,0
961145413900516,0,0,0
10152847864423812,0,0,1
10152319474697504,1,0,0
802371013139497,0,0,0
283344058522225,1,0,0
10152415133888663,0,0,0
10205302191219374,0,0,0
980106818673439,0,0,0
10205486737957548,1,0,0
10204406542997613,1,0,0
10152055977547325,0,1,0
1494713577468610,0,0,0
382271078587733,0,0,0
10201625453557307,1,0,0
10153356184389899,0,0,0
1519054278339445,0,0,0
624673430969995,1,0,1
1561439547423700,0,0,0
600619233393558,1,0,0
10203065078891284,1,1,0
325997324246652,0,0,0
10152821155993415,1,1,0
10152630275439915,0,0,0
650494231735101,0,0,0
10152778641430781,1,0,0
10205454008535452,0,0,0
10152491476063520,0,0,0
513809785422746,1,0,0
10152831255556323,0,0,0
10152586686093411,1,0,0
604246676364055,1,0,0
742715565801730,1,0,0
304706626390348,0,0,0
880860951925043,0,0,0
10153368164082516,0,0,0
487177281424292,0,0,0
1394150647555523,0,0,0
311250245745447,0,0,0
665704893527233,0,0,0
10202977097020835,1,0,0
10153296902568916,1,0,0
10152828830472162,0,0,0
1493313307613958,0,0,0
304490179740620,0,0,0
721412197938364,0,0,0
786138548091040,0,0,0
641076569342952,0,0,0
10203960589867881,1,0,0
10153329241897720,0,0,0
10205396191690272,0,0,0
812616032094318,0,0,0
10203754721283242,0,0,0
782779055102226,0,0,0
10203065092170596,0,1,0
10204052741251124,0,0,1
718548098234350,0,0,0
356508251182555,0,0,0
10205230135692911,1,0,0
10152702197205020,1,0,1
920925227936107,1,0,0
10152434555433017,1,0,0
10203035414670872,0,1,0
10154789040235541,0,0,0
976795589000899,0,0,0
10152865513896241,0,0,0
10152572827128515,1,0,0
10202866364087680,1,0,0
10152770873259076,1,0,0
859083360783090,0,0,0
10152851124626419,0,0,0
832680610097556,1,0,0
318346718350100,1,0,0
668169726637919,1,0,0
1488625904743847,0,0,0
624623624315154,0,0,0
10205248181713575,0,0,0
10204737485095356,0,0,0
10152860875817340,0,0,0
735372059879455,0,0,0
389865261171083,0,0,0
10205156220653571,0,0,0
10203928050616498,1,0,0
750896428279216,0,1,0
10152923702229474,0,0,0
983604488331949,0,1,0
537882039680814,0,0,0
1010780122282481,0,0,0
989585737725541,0,0,0
10152529789918318,1,0,1
353820524789286,0,0,0
1377352975917595,0,0,0
10152552484688068,0,0,0
828345450519275,0,0,0
10152541375394016,1,0,0
895829043769293,0,0,0
10152539298599403,0,0,0
1563176010560924,0,0,0
607806969345164,0,0,0
982708885078902,1,0,0
748192268567807,0,0,0
362238780620007,0,0,0
10204921575302990,0,0,0
10205543528537635,0,0,0
802744309748809,0,0,0
864752643542948,0,0,0
10152737583513810,1,0,0
10152721919197200,1,0,0
379423762216990,0,0,0
10152725258512508,1,0,0
742319575839757,0,0,0
10152878119013594,0,0,0
969061033111498,1,0,0
10152793646139334,1,0,0
954119934602618,0,0,0
10205134923763600,0,0,0
10153300021778626,0,0,0
707372732684539,0,0,0
10203909655276645,0,0,0
10152790068694555,1,0,0
10152857930503729,1,1,0
1568927500005800,0,0,0
1492376691047801,1,0,0
835083316541755,1,0,0
402514833232351,0,0,0
10152467398853927,0,0,1
1496505950632509,1,0,0
848962905155281,0,0,0
10152525600031051,1,0,0
10152483251896915,0,0,0
339525939563053,0,0,0
10204806506463859,0,0,0
1382317195405225,0,0,0
10205157104196354,0,0,0
10152450844102469,1,0,1
10152527226183763,1,0,0
1481966305420010,0,0,0
798056546883477,0,0,1
10154852252695637,1,0,0
384014841753768,0,0,0
10205248939282185,0,0,0
10153173475604239,1,0,0
1516039881998057,0,0,0
10152788037944726,0,0,1
10152529616518315,1,0,0
394096417426095,0,0,0
345640155604497,0,0,0
797934753589913,0,0,0
10152791820330115,0,0,0
1557687471114193,0,0,0
10152424419642742,1,0,0
10152343413476541,0,0,0
863502663660525,0,0,0
881221858568563,0,0,0
1486988818246169,0,0,0
937033066326320,1,0,0
10204937117012354,1,0,0
10204975326124017,1,0,0
10152576765638445,0,0,0
4853077941588,1,0,0
10154801316250022,0,0,0
10152457407692098,1,0,0
711450938951119,0,0,0
10152317974481782,1,0,0
840975875947706,1,0,0
10152436091606724,0,0,0
10152533647478335,0,0,0
10152728652361321,1,0,0
10152416902731631,1,0,0
10152851478688792,0,0,0
10152534028324811,0,0,0
10152730113103614,1,0,0
404793506363396,0,0,0
10204981988889076,0,0,0
812217362134606,0,0,0
853684951361765,0,0,0
1643308262562440,1,0,0
10204664408797470,1,0,0
10205001976307225,0,0,0
10154737109475640,0,0,0
10201907958380333,0,1,0
10204946647048818,0,0,0
10152859406868340,0,0,0
1418585575129280,0,0,0
10152955673864305,1,0,0
1524892497750083,0,0,0
10204964095452942,0,0,0
10152904148640337,0,0,0
10152533970718878,1,0,0
10204689291770677,1,1,0
350159395157063,0,0,0
10152756256805590,0,0,0
1556173701261658,0,0,0
10152852402846667,1,0,0
795365957172885,0,0,0
1525758917664923,0,0,0
722293864512634,0,0,0
867115536640710,0,0,0
748043151899971,1,0,0
10152867385715087,1,0,0
10153733180480190,0,0,0
10152813219653879,1,0,0
890921120952770,0,0,0
10205158432782015,1,0,0
10204325817139089,0,0,0
926151667414714,0,0,0
10152918428118304,0,0,0
10204160024953324,0,0,0
992588964100563,0,0,0
811970172175146,0,0,0
10152507028903230,0,0,0
323488127834503,0,0,0
10152800231074845,0,0,0
466388946833975,1,0,0
4745860981461,0,0,0
292737220924578,0,0,0
723512531031574,0,1,0
703952316379604,0,0,0
10154272100606515,1,0,0
765956996808707,1,0,0
10152797552075631,1,0,0
10152777213747604,1,0,0
883104845032951,0,0,0
10152498815194220,1,0,0
10205318021415291,0,0,0
10152865042824744,1,0,0
10154769027220164,0,0,0
10152782141309424,0,0,0
10204434356594585,1,1,0
1499229810345593,0,0,0
10153102795317580,0,0,0
10152521629334576,0,0,0
10154749567935032,1,0,0
903449373006409,1,0,0
1483819521906725,0,0,0
10152499233664372,1,0,0
10205840462117600,0,0,0
711569625595217,1,0,0
10154649973075478,0,0,0
10152793347194910,0,0,0
10204738670124180,1,0,0
10152586645948500,0,0,0
829965743692312,1,0,0
1519042515004291,0,0,0
322200681315806,0,0,0
982293111785034,0,0,0
10152071601484364,0,0,0
10152446282617285,1,0,0
1557941814417453,0,0,0
10152472966923295,0,0,0
10152088062804364,1,0,0
1491412974456961,0,0,0
539272572871289,1,0,0
10204964129972649,1,0,0
835425436537272,0,0,0
10152371795961262,0,0,0
10152718216670073,1,0,0
10152805054767622,0,0,0
808748405815341,0,1,0
10202782441222672,0,0,0
10204177737195227,1,0,0
366147123549288,1,0,0
581251675340875,0,0,0
318214878365622,0,0,0
936841446343849,1,0,0
1550901125124314,1,0,0
873904985968109,0,0,0
879466962077464,0,0,0
10152805614073446,0,0,0
10152752271356293,1,0,0
333615006820869,1,0,0
10152483426847776,0,0,0
10152542125474563,1,0,0
783303655062558,0,0,0
10201961256591874,0,0,0
10152434303441616,0,0,0
395709407261511,1,0,0
1012937202055414,1,0,0
553299791469827,0,0,0
10204970679167023,1,0,0
949198218441688,0,0,0
713464728751356,0,0,0
10204918738912848,0,0,0
10100192903019646,1,0,0
10152691380988891,0,0,0
357359957764269,0,0,0
352101398283786,0,0,0
10153003415485116,0,0,0
10152848139274379,0,0,0
10201994179094396,0,0,0
718704314873981,0,0,0
754542841282388,0,0,0
10205137877914321,1,0,0
1506062466345308,0,0,0
10154710285355433,0,0,0
10152293325976534,0,0,0
10152876918143701,1,0,1
835230826517638,1,0,0
881506005193004,0,0,0
10204436870576322,0,0,0
10152742965169373,0,0,0
10152973686518788,1,0,0
10152501847027286,0,0,0
1498769537052072,1,0,1
851548061544070,0,0,0
10152741303676391,0,0,0
10204956619938369,0,0,0
10152528490978235,0,0,0
10152909170651742,0,0,0
10152482263139157,0,0,0
1488910588058549,0,0,0
10152419204146109,1,0,0
10203068902263218,0,0,0
10152833889994120,0,0,0
807664522630886,1,0,0
10152793372242138,0,0,0
10152991804713243,0,0,0
10152456224317496,0,0,0
10153211825754600,0,0,0
984788928214825,1,1,0
10152565344748218,0,0,0
314756308711288,0,0,0
741228532592308,0,0,0
1560740497473525,0,0,0
10205107782924889,0,0,0
10152320790256612,1,1,0
10152847739146600,0,1,0
10202617971120355,1,0,0
884094348269676,0,0,0
10152569207009342,1,0,0
10201796304309605,0,0,0
841734009180074,0,0,0
610017552436795,0,0,0
276689475874554,0,0,0
10203357313276680,0,0,0
10205468375335805,1,0,0
10152386917209599,0,0,0
10152854049963593,0,0,0
10152735806883898,0,0,0
10154785474365114,0,0,0
362446190604498,0,0,0
10153330637979408,1,0,0
870236179654712,0,0,0
10152628264413600,0,0,0
10203216095898768,1,0,0
10205029223679457,1,0,0
10152773027806900,0,0,0
10152834403627472,0,1,0
359539434206827,1,0,0
10205152417919830,1,0,1
986428041374078,0,0,0
10205137484059899,0,0,0
10205195673758573,1,0,0
1482219478733552,1,0,0
776775099047863,1,0,0
10152391080387337,0,0,0
10204135006748711,0,0,1
735999269822670,0,0,0
886573731366918,0,0,0
930743646953775,0,1,0
376923515796448,0,0,0
783930385000568,1,0,0
10152448754818870,1,0,0
10152571264833026,0,0,0
10204392347562883,1,0,0
10201909959230502,1,0,0
10152834734769805,1,0,0
10204985145849557,1,0,0
10152776897943399,0,0,0
10152757325845758,0,0,0
10152838433161913,1,0,0
10205201908586181,0,0,0
965070493509903,0,0,0
10152859094636458,1,0,0
10154764020105371,1,0,0
10205218136315818,0,0,0
10205263872816765,0,0,0
10152410342325686,0,0,0
10152801069462417,0,0,0
161675954002787,0,0,0
600324446744156,1,0,0
290579974465106,0,0,0
10152763505587567,0,0,0
737265566322997,0,0,0
520559771413988,0,0,0
10202469688775180,1,0,0
10204998740909328,1,0,0
10152876566956177,1,0,0
353483231491577,0,0,0
998507913500035,1,0,1
10152606282032885,0,0,0
732740756817282,0,0,0
1440071132971401,0,0,0
838766409501595,0,0,0
10152520420912153,1,0,0
659027557546582,0,0,0
898836830134373,0,0,0
10152761193748476,0,0,0
10205106270114891,1,0,0
739216072831814,1,0,0
10152572911448591,1,0,0
10152424298811398,0,0,0
10204292137440274,0,0,0
10152512850278935,1,0,1
10205504155146968,1,0,0
10204844042768543,1,0,0
10152333131860855,0,0,0
860928740617245,1,0,0
749945495085178,0,0,0
10204282035584549,0,0,0
571429702986647,1,0,0
10204355084348621,1,0,0
572902372842069,0,0,0
10204114724882941,1,0,0
10152864960985996,0,0,0
10152631968309678,0,0,0
10205279015114616,1,0,0
10152691360076066,1,0,0
686639918098039,1,0,0
10152806239369596,0,0,0
10152746504012931,0,0,0
885008024857802,1,0,0
10152534876000980,0,0,0
642235929231235,1,0,0
10152823339873984,0,0,0
795347117190894,0,0,0
10203936121296819,0,0,0
1529246930652235,0,0,0
10153506562355942,1,0,0
1486868948243873,0,0,0
565328820279095,0,0,0
855954107777761,0,0,0
10152815164789231,0,0,0
10153401629373849,1,0,0
724539557629074,1,0,0
843561885675743,0,0,0
369206373239346,0,0,0
10152836678529680,0,0,0
10152756797088936,0,0,0
10152369782650636,0,0,1
10152872297207722,0,0,0
359196100916022,0,0,0
10203206956400778,1,0,0
10152773201402357,1,0,0
691799664236798,0,0,0
117321971934380,0,0,0
10154723415010447,1,0,0
10152784508143007,1,0,1
605095689616596,0,0,0
10204457184486137,0,0,0
10152789581974598,0,0,0
10205163689880861,0,0,0
10203742647739447,1,1,0
10152875868804575,1,0,0
10154866634545157,0,0,0
10205108174569074,1,0,0
10205311172845827,1,0,0
10205147180827805,0,0,0
10154805628635790,1,0,0
323543987831344,0,0,0
10154685107045282,1,0,0
10203994985088598,1,0,1
754319311324167,1,0,0
10152920335360864,1,0,0
386792321478096,0,0,0
276690539207221,0,0,0
10152636082014580,0,0,0
822464031139068,0,0,0
876758945668817,0,0,0
893728120651353,1,0,0
10152545682163843,0,0,0
756647451038876,0,0,0
807302902646264,0,0,0
313936262143220,0,0,0
429898087161076,0,0,0
10202966117337863,1,0,0
10152585213297529,0,0,0
757508104284737,0,0,0
490786574396310,0,0,0
10203205025830850,1,0,1
1535852090003330,0,0,0
1591359161083455,0,0,0
543977652399609,0,0,1
10204828234012857,1,0,0
10152745161275053,1,0,0
10205137433813209,1,0,0
10152843750332264,1,0,0
10205229020268348,0,0,0
10203865765178842,1,0,1
10204252245879586,0,1,0
381874018647619,0,0,0
10202984275873135,0,0,0
787269528000110,0,0,0
408602175954173,0,0,0
10152903979617317,1,0,0
312996338890768,0,1,0
10202099429726261,0,0,0
10154779359405724,1,0,0
10152829528244917,1,0,0
586723108122692,0,0,0
761664573906316,1,0,0
10204910455381813,1,0,0
10152525469303386,0,0,0
864361236929656,1,0,0
10152437373820920,1,0,0
10152471151058775,0,0,0
10152724999348260,0,1,0
876227429095255,0,0,0
10152459921067966,0,0,0
10152772008572243,1,0,0
664124093703829,0,0,0
739713092770181,0,0,0
10203035473227020,0,0,0
794448513936353,0,0,0
823619764354770,0,0,0
10152548407664037,1,0,0
10204401726339517,1,0,0
10154732869875285,0,0,0
10152914917271019,1,0,0
10152782703397290,0,0,0
10201783267782960,1,0,0
10205166285219086,0,0,0
10152784892458118,0,0,0
10152776937337604,0,0,0
10152773350184707,1,0,1
10152839439109294,1,0,0
10152834359909603,0,0,0
10152834065410747,0,0,0
10204249514332595,1,0,0
1572505892971223,0,0,0
10204215477360883,0,0,0
734009116673001,0,0,0
467721263365632,0,0,0
10152684597072891,0,0,0
10152394308486820,0,0,0
10204479229532769,0,0,0
797629720279649,0,0,0
1565197110401470,0,0,0
830202313676749,0,0,0
1515975831983474,0,0,0
10154752076830384,0,0,0
348036888710720,0,0,0
10204769899825506,1,0,1
885437884800433,0,0,0
10152584988969079,1,0,0
748526668556191,0,0,0
10152884468835628,1,1,0
895639790447599,0,0,0
10152800615099892,1,0,0
801151719947577,0,0,0
291469201051126,1,0,0
10154830327965215,0,0,0
10205000968212443,0,0,0
376632529172946,0,0,0
10204931019337599,0,0,0
10152434664783587,1,0,0
10205117041030083,1,0,0
10152313331861671,0,0,0
10202571130671539,0,0,0
10204132904395565,0,0,0
1507112289538566,0,0,0
10152500048067875,0,0,0
888231307856005,0,0,0
536088309868751,0,0,1
10152480187352083,0,0,0
373095066198484,1,0,0
795147397190349,1,0,0
10152525396037620,1,0,0
612198988886848,0,0,0
823940857628168,1,0,0
10152772156497243,0,0,0
10152525682294426,0,0,0
10152571073613300,1,0,1
365858503589683,0,0,0
10152780111093286,0,0,0
10154841280695523,0,0,0
10152324389741601,1,0,0
803444653046619,0,1,0
10152793238369670,1,0,0
10152514072308107,1,1,0
368140896685603,1,0,0
867502336626641,0,0,0
10152758848333419,0,0,0
1551641925068877,0,0,0
726928170722711,1,0,0
741076269324791,0,0,0
717171088391066,0,0,0
10205372926348626,1,0,0
10152784747449556,0,1,0
10152785831385664,0,0,0
710147285740965,0,0,0
10152463104136169,0,0,0
1566074346946738,0,0,0
10205232074789571,1,0,0
850688464961633,0,0,0
10153311428802782,0,0,0
10152597306194682,0,0,0
10203299042652132,1,0,0
314458532077777,0,0,0
10152519926774926,1,0,0
766920890034835,0,0,0
970062236344707,1,0,1
10152792481520050,1,0,0
948588888488181,1,0,0
10152774506755336,1,0,0
10204321944082605,1,0,0
725995890804202,1,0,0
887614397949794,1,0,0
10205342132296492,1,0,0
10152394616687055,1,0,0
10152859998689074,1,0,0
10152782803894326,1,0,0
10205283042055608,1,0,0
10152318072530989,1,0,0
927577143936564,1,0,0
856130284427594,1,0,0
10152587478584442,1,0,1
10204028847634490,1,0,0
1497748973828480,1,0,1
10152643280576773,1,0,0
10152371066306770,1,0,0
10152454831002308,1,0,0
10152778357583186,1,0,0
10202829546044053,1,0,0
10152450973283741,1,0,0
10202912405831306,1,0,0
10152823868022760,1,0,0
10153223064215116,1,0,0
10152451137263157,1,0,0
1552900718280364,1,0,1
10152311561652470,1,0,0
10205117182118725,1,0,1
10152507333533918,1,0,0
570536149759513,1,0,0
10154871492525019,1,0,0
10152831958456672,1,1,0
10153297525256124,1,1,0
10201744074882268,1,1,0
1010632232295037,1,0,1
10205105666261606,1,0,0
10152515767877862,1,0,0
10152317013527382,1,0,0
10152852845808487,1,0,0
10152375573880740,1,0,0
10153223747775715,1,0,0
10152738161879194,1,0,0
1503248236593857,1,0,1
10203711049549129,1,0,0
866918286686951,1,0,0
10205354787734896,1,0,0
10205269781969416,1,0,0
10152845230749595,1,0,0
367997256692972,1,0,0
10152789815027748,1,0,0
10154660541645147,1,0,0
409005992581519,1,0,0
986180064741495,1,0,0
10152440145169499,1,0,0
10203888950002692,1,0,0
10203370534957284,1,0,1
10203915861589654,1,0,0
10152383247066231,1,0,0
10152780813137114,1,0,0
10152531542574480,1,0,0
10203291131142966,1,0,0
727581197322488,1,0,0
10152637984787182,1,0,0
10152572357558020,1,0,0
10152288499821741,1,0,0
10152855749519468,1,0,0
694901013934124,1,0,0
790018837725552,1,1,0
10152438848281918,1,0,0
10152796913520409,1,0,0
10152800719194824,1,0,0
10204643953081826,1,0,0
10154754720105008,1,0,0
835450153182050,1,0,0
10205052997507652,1,0,0
613098452129456,1,0,0
10205494788675573,1,0,0
10205165360874466,1,1,0
934616429899492,1,0,0
10152348805111316,1,0,0
10152502022613562,1,0,0
10154758169710511,1,0,0
10204686044128091,1,0,0
10205554142082752,1,0,0
10152538822688043,1,0,0
940960439252330,1,0,0
829140577106548,1,0,0
10152562565998929,1,0,0
812361702155716,1,0,0
10202233817881805,1,0,0
10201853008087304,1,0,0
1476485792612289,1,0,0
10204071931391646,1,0,0
10204163574582967,1,0,0
10152584403218893,1,0,0
10152879554046663,1,0,0
10152810743888582,1,0,0
10152497308642635,1,0,0
10152331510366991,1,0,0
10152825139412485,1,0,1
10152790466871425,1,0,0
338908106271141,1,0,1
4769263126790,1,0,0
726770804066353,1,0,0
10152498300473915,1,0,0
10152718706614242,1,0,0
10152803172287766,1,0,0
973713192655909,1,0,0
10152489859877684,1,0,0
882632495081619,1,0,0
10203154828975114,1,0,0
10152768172689025,1,0,0
10152865316166202,1,0,0
10152847277026810,1,0,0
872959352716659,1,0,0
10154943313925438,1,0,0
10152887118427160,1,0,0
10152560404158124,1,0,0
1488154131464625,1,0,0
10152752880509454,1,0,0
732347223481042,1,0,0
903647052978814,1,0,0
974088709274065,1,0,0
10202820258043729,1,0,0
10152514097222695,1,0,0
10152738570176072,1,0,0
10205018125163499,1,0,0
10152828423798522,0,0,0
740665499334977,0,0,0
10152451750171699,0,0,0
10152943286938714,0,0,0
783394141719123,0,0,0
10152477328747083,0,0,0
10152737816840502,0,0,0
489789947827181,0,0,0
10203916047355834,0,0,0
831226686900015,0,0,0
10152720163227850,0,0,0
925743617439182,0,0,0
815471461832951,0,0,0
751283828284993,0,0,0
835543599799158,0,0,0
10152834499459176,0,1,0
10153295836728102,0,0,0
10152377659060178,0,0,0
1501951366757234,0,0,0
10154876137510347,0,0,0
10152782823268756,0,1,0
10152360755721965,0,0,0
386701181514279,0,0,0
10153202391969156,0,0,0
795524213842204,0,0,0
750861554987384,0,1,0
10152531430978893,0,0,0
979525188731077,0,0,0
10152375609282056,0,0,0
10204728603870576,0,0,0
1564455283765860,0,0,0
539555849522831,0,0,0
10152586552451107,0,0,0
10202397365649639,0,0,0
1587043698182575,0,0,0
10152817346069837,0,0,0
10152765692467210,0,0,0
10154812349040297,0,0,0
509684565835161,0,0,0
1555672241318766,0,0,0
10153178731049881,0,0,0
10152746852936001,0,0,0
999940673356151,0,0,0
10204930051593406,0,0,0
832580416764590,0,0,0
10201600473892092,0,0,0
10204341028039086,0,0,0
10205368157311281,0,0,0
10152295098216504,0,0,0
1576434715913765,0,0,0
920019684689904,0,0,0
10202811772927299,0,0,0
308255256043689,0,0,0
569680949831872,0,0,0
1491274977799137,0,0,0
10202917103076362,0,0,0
387645894717131,0,0,0
10154820126815711,0,0,0
10152939499979560,0,0,0
10152821337109855,0,0,0
788330837893662,0,0,0
850405981636590,0,0,0
10152557412714495,0,0,1
1724468707779205,0,0,0
1553134024954790,0,0,0
1494170430847096,0,0,0
10205354782534661,0,0,0
796713700384995,0,0,0
10152817893890148,0,0,0
305089793019983,0,0,0
10152320918470927,0,0,0
4783964292526,0,0,0
698501743572385,0,0,0
1557148554515222,0,0,0
548179445325766,0,0,0
4681696338195,0,0,0
10153220176508238,0,0,0
10152377169481721,0,0,0
10152778680707593,0,0,0
1406639622982377,0,0,0
10152662675718855,0,0,0
10152545846847842,0,0,0
797882613586328,0,0,0
4849491771977,0,0,0
742023825872792,0,0,0
10152603458828999,0,0,0
10204345579215253,0,0,0
1377327309237505,0,0,0
1514681012121431,0,0,0
10152537024638251,0,0,0
10152758622299898,0,0,0
862230693795788,0,0,0
980514125299157,0,0,0
647423625374051,0,0,0
10152555378153533,0,1,0
10152870735856789,0,0,0
10152515563711379,0,0,0
1499027450375082,0,0,0
10201983312343638,0,0,0
10152757563312207,0,0,0
948276138520189,0,0,0
10153463645864237,0,0,0
10152882876564558,0,0,0
348775468626803,0,0,0
567672356667146,0,0,0
10205174441224298,0,0,0
10152611597883096,0,0,0
10203808715910653,0,0,0
10203714324390871,0,0,0
10152434555163085,0,0,0
343559459159165,0,0,0
10152843932898064,0,0,0
600723426719780,0,0,0
352952834873177,0,0,0
10205024853729774,0,0,0
729463500479617,0,0,0
10152880877292491,0,0,0
733084120115340,0,0,0
10203752688831812,0,0,0
10152326054716946,0,0,0
4886304771640,0,0,0
10204291705545062,0,0,0
10152843680444595,0,0,0
10204000702129408,0,0,0
995104870516186,0,0,0
10152538417869234,0,0,0
800241563367892,0,1,0
10152850839869445,0,0,0
10204044786752802,0,0,0
903376653019764,0,0,0
315749241964682,0,0,0
10203774654021632,0,0,0
10205297750223001,0,0,0
10154802008460704,0,0,0
481973441944260,0,0,0
942367655777785,0,0,0
10152782834638756,0,0,0
562438753899479,0,0,0
950219411658691,0,0,0
925618144132639,0,0,0
322304291288459,0,0,0
961256270555257,0,0,0
552823374851264,0,0,0
658209997628965,0,0,0
315978385255567,0,0,0
10205279484855432,0,0,0
898553726844579,0,0,0
10205326146061589,0,0,0
935101236503416,0,0,0
792225360821215,0,0,0
10152507239233990,0,0,0
730854186998207,0,0,0
10203988354447381,0,0,0
1605310736363214,0,0,0
871865532832049,0,0,0
10152904518035337,0,0,0
726581667422026,0,0,0
855729347793954,0,1,0
372832056215078,0,0,0
10205138515730868,0,0,0
874845825893313,0,0,0
10152503514918990,0,0,0
742357675845231,0,0,0
10202917638843862,0,0,0
321629668040544,0,0,0
675261775925083,0,0,0
10152427037283176,0,0,0
562088093923449,0,0,0
749154198454839,0,0,0
764707246910626,0,0,0
10153285624740031,0,0,1
10153314877828206,0,0,0
888659197813260,0,0,0
10152810484584289,0,0,0
949832891713526,0,0,0
10204635553781221,0,0,0
10152710874522034,0,0,0
998429586849491,0,0,0
10155079282235317,0,0,0
10205613251920280,0,0,0
10201840376449624,0,0,0
10152373726281851,0,0,0
10204355227674776,0,1,0
773398882724530,0,0,0
523449331123834,0,0,0
10152508503439065,0,0,0
764111623659858,0,0,0
299314380268936,0,0,0
10152854211153556,0,0,0
832794676783719,0,0,0
10152626984024130,0,0,0
10152594609049055,0,0,0
10204453434567557,0,0,0
10152453226866659,0,0,0
10152877043199451,0,0,0
591284410998533,0,0,0
10152375293770812,0,0,0
10204972121287385,0,0,0
10202721865878376,0,0,1
780765481982630,0,0,0
10152801481035937,0,0,0
10152438941727816,0,0,0
10152785253303476,0,0,0
1527175620833013,0,0,0
10153329610429815,0,0,0
10152630138784079,0,0,0
10154693021335251,0,0,0
10152540032378613,0,0,0
10205557987134721,0,1,0
1587662018121329,0,0,0
876485769029972,0,0,0
375084732647766,0,0,1
872162379483102,0,0,0
1388254838153779,0,0,0
454039914734552,0,0,0
737641456290803,0,0,0
10152812829169581,0,0,0
1495673074046669,0,0,0
10204096632754225,0,0,0
10204898710965537,0,0,0
10152692287910751,0,0,0
10205286349306229,0,0,0
839817766039135,0,0,0
10154783128130444,0,1,0
10152773327008396,0,0,0
10152758955239330,0,0,0
799846333410470,0,0,0
10202857855025150,0,0,0
1533507843553369,0,0,0
794207473978915,0,0,0
759358507464435,0,0,0
10152574054228370,0,0,0
903480699662805,0,0,0
10205162962623241,0,0,0
783277638378064,0,0,0
10154697130950858,0,0,0
856522137725838,0,0,0
1553608681541385,0,0,0
850931454959752,0,0,0
1007401025941976,0,0,0
737439096335794,0,0,0
10203750542742918,0,0,0
698289816921157,0,0,0
10152517918394895,0,1,0
10202005603380585,0,0,0
10204242317031678,0,0,0
10204089756976520,0,0,0
10150462245824975,0,0,0
10154897848970227,0,0,0
10152869174848564,0,0,0
10152753522586075,0,0,0
974649392549773,0,0,0
791192034271259,0,1,0
678666412240482,0,0,0
10152719135714765,0,0,0
365125040329193,0,0,0
10204277612073523,0,0,0
10152618230888071,0,0,0
10152477062771448,0,0,0
10153023446734316,0,0,0
1493992304186368,0,0,0
10203857751756682,0,0,0
10152915985026929,0,0,0
10152817549304661,0,0,0
990069227676270,0,0,0
10152619115822361,0,0,0
744675445587900,0,0,0
10204945685421351,0,0,0
10152819492191944,0,0,0
10152554075003040,0,0,0
10205213872685879,0,0,0
10152355686330974,0,0,0
10152894494389009,0,0,0
844356822251646,1,0,1
767146900023687,0,0,0
663289940457618,0,0,0
10152414278552966,1,0,0
714716011944319,0,0,0
762334987136661,0,0,0
10204276436862483,0,0,0
610256335753035,0,0,0
10152926317532249,0,0,0
722086717839377,0,0,0
10152893945225864,0,0,0
10152726222974641,1,0,0
10203307522276469,1,0,1
10152553302349585,1,1,0
10204136777273496,0,0,0
10152394656791709,0,0,0
1579024122328093,0,0,0
10204650438962752,0,0,0
10152312919047030,1,0,0
10205274733816193,0,0,0
10152868053862147,1,0,0
738766546217174,0,0,0
10152774500350791,0,0,0
10203065016405686,1,0,0
10152361137192793,0,0,0
785452001501081,0,0,0
10152511906637921,1,0,0
970429649637948,0,0,0
700905300005343,0,0,0
10152799779898334,1,0,0
10205635920202487,0,0,0
10205101799854374,1,0,1
873155892702150,0,0,0
10152336334620755,0,0,0
10205189728731462,1,0,1
801432879921054,0,0,0
981061318576772,0,0,0
10152876075469903,0,0,0
981923415157025,0,0,0
10152568316896884,0,0,0
10152360033320906,1,1,0
10205039242651785,0,0,0
10205273431459744,0,0,0
10205170317357062,0,0,0
1499336570350536,0,0,0
4708906816024,0,0,0
10204972100601680,1,1,0
728198850583991,0,1,0
4867325659076,0,0,0
10152832071981942,0,0,0
10152850216384113,0,0,0
936624513033128,1,0,0
1575568866005090,1,0,0
10152362981747142,0,0,0
915894315095020,0,0,0
10152777864832910,0,0,0
10203239814181182,0,0,0
1517196915188292,0,0,0
10152462961703616,0,0,0
10154848872660455,1,0,0
10203719850249189,1,0,1
1517291541862371,0,0,0
10203069426720126,1,0,0
473739516102070,0,0,0
10152885400101015,0,0,0
328923970643271,0,0,0
10152823677903809,1,0,0
10205174077820382,0,0,0
10203096516799130,0,0,0
10204854732108522,1,0,0
10152466490811274,1,1,0
10154714909285405,0,0,0
1388659198107963,0,0,0
1559803764252055,0,0,1
824470090952648,0,0,0
4725029901664,1,0,0
10152862596566133,1,0,0
10152532856704582,0,0,0
10152810054944287,0,0,0
454122191392202,0,0,0
889625731048165,0,0,0
994689530545648,0,0,0
824780710906415,0,0,0
297898790406851,0,0,0
10204917184999988,1,0,0
370468043117510,0,0,0
390143407800328,0,0,0
742384275816130,0,0,0
1406198149677688,0,0,0
10152398545091109,0,0,0
562103743891569,1,1,0
10152448657127006,0,0,0
10201880172846587,1,0,0
10152800156389214,1,0,0
1378269322466374,0,0,0
10204319468479514,0,0,0
10202947413958547,0,0,0
361957927314586,0,1,0
10205113466338922,1,0,0
10152416178282966,1,0,0
10152686368360218,1,0,0
10152859302574224,1,0,1
10204346620938642,1,0,0
10152888325062518,0,1,0
885791408105902,0,0,0
479620635514407,1,0,0
659907870789634,0,0,0
722769694473032,1,0,0
10152753316228955,1,0,1
1548416758727156,0,0,0
300604696798205,0,1,0
10153809645382925,0,0,0
10152857667518734,0,0,0
10205240934808184,1,0,1
10203582943189125,1,0,0
1561546584079087,0,0,0
10202697176182528,0,0,0
4804595248720,0,1,0
10153343162244775,0,0,0
10152827515019824,0,1,0
10204515062930295,1,1,0
10205305433337097,0,0,0
731830596905571,0,0,0
10205781642119377,0,0,0
10152832322282177,1,0,0
10152621146298025,1,0,0
10152749896049178,0,0,0
10152602671158682,0,0,0
1709414525951102,0,0,0
1556541947894317,0,1,0
305665326285499,0,0,0
725962640814845,1,1,0
10152629195147529,1,0,0
10152757814947207,1,0,0
646410538810129,0,0,0
10152881560638969,1,1,0
787020094670724,0,0,0
1558083701071924,0,0,0
985174944833079,1,1,0
838958356142967,1,0,0
364727003694203,0,0,0
10152931273214059,1,0,0
837352259618728,1,0,0
10203629623239277,0,0,0
437066876450314,0,0,0
10152395595226526,0,0,0
10205234032958246,1,0,0
863124687055743,0,0,0
10152782006057432,0,0,0
10204271588683311,1,0,0
10152864659466660,1,0,0
10152806301019847,1,0,0
10204590887959590,0,0,0
10204257349827559,1,0,0
10152414903955812,0,0,0
10204953547906771,0,0,0
10152897134043534,1,0,0
10202899946531699,0,0,0
10201893194730920,0,0,0
10154916304560495,1,0,0
10152788047314158,1,0,0
10152316670946065,0,0,0
663814170404875,0,0,0
327787867407804,1,0,0
10152517062025488,0,0,0
331633440349447,0,0,0
768544009874069,1,0,0
10205048275028867,1,0,0
657069477759884,0,0,0
561563757307720,1,1,0
10152879487872895,0,0,0
10152789225173879,0,0,0
10152532070144353,0,0,0
10152841552569850,1,0,0
10152534931298687,0,0,0
862729430427027,1,0,0
952045568157200,0,0,0
417367405081669,0,0,0
660075604112671,0,0,0
1544571945802508,0,0,0
10152846847564301,1,0,0
10152738168671743,0,0,0
10152370982226360,0,0,0
10204476211041997,0,0,0
10152394032432927,0,0,0
1584766405080663,0,0,0
10152761893942380,1,0,0
10154818740760565,0,0,0
10152116460117609,0,0,0
10154800590280014,1,0,0
10154789449155035,1,0,0
10152408184043342,0,0,0
10152354805251957,1,0,0
10152932437298593,0,0,0
1726307914260371,0,0,0
10152786915072509,0,0,0
10152789443355520,0,0,0
478983592243901,0,0,0
10152343560431555,1,0,0
10152504481288995,0,0,0
1566656383563310,1,0,0
10152835680488086,0,0,0
944993525514219,0,0,0
10152498028218226,1,0,0
10152589010164934,0,0,0
10205137866314778,0,0,0
10154765942145338,0,0,0
295042070700034,0,0,0
10204626098319655,1,0,0
10152836508154105,0,0,0
682281641885533,0,0,0
10154718788840007,0,0,0
10201655121258639,0,0,0
10204066578878533,1,0,0
10152748336324043,1,0,0
797756023614184,0,0,0
10205233171894060,0,0,0
710714545691488,1,0,0
10201641458356686,0,0,0
10152879719844374,1,0,0
304840076371656,0,0,0
10152806153869450,1,0,0
10153603909989460,1,0,0
727341170647151,0,0,0
1496767490603441,1,0,1
1570263636526731,0,0,0
880860388599510,0,0,0
10152427046036762,1,0,0
1590790834467517,0,0,0
10152783064707254,1,0,0
10152340429016673,0,0,0
10202595266072087,1,0,1
10154755916070322,0,0,0
885127004840247,0,0,0
10152784960942620,1,0,0
334558363403337,1,0,0
600241510098665,0,0,0
896223643742636,1,0,1
281038202093121,0,0,0
10153288920837926,1,0,0
10205727276727457,0,0,0
10205183063485643,0,1,0
803322863047275,0,0,0
764184243641632,1,0,0
726746600712920,0,0,0
10154721416430587,0,0,0
962723533742348,0,0,0
10152747663588076,1,0,0
10154740594550433,1,0,0
10204369059322632,1,0,0
10152565545059531,0,1,0
10152814164357748,1,0,0
10205232769521683,0,0,0
10152308527351571,0,0,0
1376834239296995,0,0,0
10152475294436295,1,0,0
10201941711143491,0,0,0
10152892184292720,0,0,0
10153327349702738,1,0,0
10152775048022552,1,0,1
886226271401897,0,1,0
10152533124114195,0,0,0
708233919267586,0,0,0
10205338690610469,1,0,0
10152420753359499,1,0,0
556538997812248,0,0,0
10152745255476550,1,0,0
565150120297895,0,0,0
960888637259727,0,0,0
10152548185499215,1,0,0
977114122304180,0,0,0
10152701670623046,1,0,0
785882554806013,0,0,0
299919703539754,0,0,0
10153383955154119,1,0,0
1392200714440622,1,0,0
10152246868626116,1,0,0
10152782871998704,0,0,0
818419858181229,0,0,0
10152851810343764,1,0,0
10152744572708346,1,0,0
10152822455047079,0,0,1
10153330190444097,1,0,0
10203748902816189,0,0,0
10152748062249754,0,1,0
10152830778582733,1,0,0
10205132911825224,0,0,0
728598010561783,0,0,0
10152559272374209,1,0,0
10152310089847563,1,1,0
10152744467266131,0,0,0
10152805105394691,1,0,0
1523001291280901,0,0,0
10152861992423307,0,0,0
823264784363259,0,0,0
10152655611267839,1,0,0
334159080092123,0,0,0
384021618412976,0,0,0
800898906622459,0,0,0
10153437690483018,1,0,0
10205020435220202,0,0,0
10202786095563091,0,0,0
1735117843380144,0,0,0
10154823903925346,0,0,0
346738285497507,0,0,0
1512423649009486,1,0,0
10203041947309750,1,1,0
10202935350572132,1,0,0
629718097148312,1,0,0
10152784783643232,0,0,0
10152772154519286,0,0,0
10152801241643491,0,0,0
303545876515000,0,0,0
10154766845170313,0,0,0
903843786307205,0,0,0
645622842220474,0,0,0
10152513654215369,0,0,0
10154717055610207,0,0,0
310948415778063,0,0,0
315889951952498,0,0,0
885903621422735,1,0,0
1561492467403091,0,0,0
10152495911552877,1,0,0
724579177628503,1,0,0
10152484875567476,0,0,0
318422961670945,0,0,0
664928463604487,1,0,0
10205529575463750,1,0,0
10152486360494503,1,0,0
711220652301185,1,0,0
10152542018184563,1,1,0
946155702068417,1,0,0
797031867020794,0,0,0
10203458503246665,0,0,0
10152602001394261,0,0,0
10204741552086056,1,0,0
1485252518405147,0,0,1
1521064521483465,0,0,0
10152935044168900,1,0,0
10152647991291336,0,0,0
1477273809215418,0,0,0
820309888021783,0,0,0
10204366071745135,1,0,0
1569727963255790,0,0,0
572640099549465,0,0,0
10152881397334329,1,0,0
298874850312036,0,0,0
783585461704437,1,0,0
817907984898290,0,0,0
880918651947987,0,0,0
955537494458536,0,0,0
829495103739003,0,0,0
10152336170835672,1,0,0
1533088393597449,0,0,0
833358093352459,1,0,0
10204627212616927,0,0,1
629895987121532,0,1,0
10152517356893165,1,0,0
10152752022840700,1,0,0
10152282021646106,1,0,0
10205259000745139,0,0,0
10153244310537228,0,0,0
392050887617284,0,0,0
606259149485217,0,0,0
550438181754205,0,1,0
938108262874806,0,0,0
1744550082437547,0,0,0
10203393744629227,0,0,0
309506589241524,0,1,0
10152850092420152,1,0,0
10152749977199192,1,0,0
1486208924990796,0,0,0
10204495796348202,0,1,0
10152670871119039,0,0,0
730306237053230,1,0,1
782122108516189,0,0,0
10152801806307320,1,0,0
10152762868730412,0,0,0
10152829781203151,0,0,0
10204154017143479,0,1,0
10202830528227854,0,0,0
10152495988192825,1,0,0
384929568339533,0,0,0
10154752486550705,0,0,0
10153263105439377,0,0,0
456071417864404,0,0,0
10152315306790882,1,0,0
10204911539846729,1,0,0
10153239716159056,0,0,0
10152397200980843,1,0,0
10152403774457322,1,0,1
474461182694863,0,0,0
10205000937921513,0,0,0
10152820891273216,1,0,0
10204151211833600,0,0,0
740079216041199,0,0,0
10204363240575539,0,0,0
365200143657109,0,0,0
10152420658462286,0,0,0
669058959877881,0,0,0
10152762750415609,0,0,0
10152342254355404,0,0,0
10152399091091867,0,0,0
786666268057874,0,0,0
10152820172961738,0,0,0
10203894840786159,1,0,0
926676624028793,1,0,0
10154745525705302,0,0,0
10152534331218406,0,0,0
10152490600618111,0,0,0
10205072445231486,0,0,0
1401238080166289,0,0,0
10204137297485586,1,0,0